Nom complet,Nom de famille,Prénom,Date de naissance,Année de naissance,Ville de naissance,Province de naissance,Pays de naissance,Position,Équipe,Recrue,Salaire de base 2025-2026,Numéro,Parties jouées,Buts,Tirs,Mises en échec,Tirs bloqués,Aides,Points,Minutes de pénalité,Points en AN,Points en DN,Mises au jeu,% de mises au jeu,Temps de jeu moyen,Minutes pour point,Minutes pour tir,Moyenne de buts,Moyenne de tirs,Moyenne de mises en échec,Moyenne de tirs bloqués,Moyenne d'aides,Moyenne de points,Moyenne de minutes de pénalité,% de buts,Arrêts,Buts alloués,Jeux blancs,Victoires,Moyenne d'arrêts,Moyenne de buts alloués,% d'arrêts,% de victoires
Mia Biotti,Biotti,Mia,2002-07-24,2002,Cambridge,Massachusetts,United States,D,Boston Fleet,1,37131.5,7.0,13.0,0.0,2.0,2.0,2.0,2.0,2.0,0.0,0.0,0.0,1.0,100.0,4.41025641025641,28.6666666666666,28.6666666666666,0.0,0.153846153846153,0.153846153846153,0.153846153846153,0.153846153846153,0.153846153846153,0.0,0.0,,,,,,,,
Zoe Boyd,Boyd,Zoe,2000-08-09,2000,Caledon East,Ontario,Canada,D,Boston Fleet,0,60000.0,3.0,12.0,0.0,15.0,24.0,16.0,1.0,1.0,4.0,1.0,0.0,0.0,0.0,17.2916666666666,207.5,13.8333333333333,0.0,1.25,2.0,1.33333333333333,0.0833333333333333,0.0833333333333333,0.333333333333333,0.0,,,,,,,,
Hannah Brandt,Brandt,Hannah,1993-11-27,1993,Vadnais Heights,Minnesota,United States,F,Boston Fleet,0,54000.0,20.0,30.0,0.0,28.0,13.0,10.0,3.0,3.0,12.0,0.0,0.0,294.0,50.6802721088435,11.7338888888888,117.338888888888,12.5720238095238,0.0,0.933333333333333,0.433333333333333,0.333333333333333,0.1,0.1,0.4,0.0,,,,,,,,
Riley Brengman,Brengman,Riley,2002-07-06,2002,China Township,Michigan,United States,D,Boston Fleet,1,40000.0,16.0,28.0,2.0,26.0,18.0,13.0,1.0,3.0,14.0,0.0,1.0,0.0,0.0,18.4303571428571,172.016666666666,19.8480769230769,0.0714285714285714,0.928571428571428,0.642857142857142,0.464285714285714,0.0357142857142857,0.107142857142857,0.5,7.69230769230769,,,,,,,,
Jessie Eldridge,Eldridge,Jessie,1997-12-17,1997,Barrie,Ontario,Canada,F,Boston Fleet,0,84872.0,18.0,30.0,14.0,75.0,19.0,15.0,9.0,23.0,4.0,6.0,0.0,12.0,41.6666666666666,17.8305555555555,23.2572463768115,7.13222222222222,0.466666666666666,2.5,0.633333333333333,0.5,0.3,0.766666666666666,0.133333333333333,18.6666666666666,,,,,,,,
Aerin Frankel,Frankel,Aerin,1999-05-24,1999,Chappaqua,New York,United States,G,Boston Fleet,0,92500.0,31.0,26.0,,,,,,,,,,,,,,,,,,,,,,,631.0,31.0,8.0,19.0,24.2692307692307,1.19230769230769,95.3172205438066,73.076923076923
Loren Gabel,Gabel,Loren,1997-07-24,1997,Kitchener,Ontario,Canada,F,Boston Fleet,0,37131.5,36.0,16.0,1.0,24.0,15.0,10.0,1.0,2.0,8.0,0.0,0.0,4.0,0.0,12.1489583333333,97.1916666666666,8.09930555555555,0.0625,1.5,0.9375,0.625,0.0625,0.125,0.5,4.16666666666666,,,,,,,,
Hadley Hartmetz,Hartmetz,Hadley,2001-03-25,2001,Phoenixville,Pennsylvania,United States,D,Boston Fleet,0,40000.0,6.0,27.0,0.0,20.0,3.0,12.0,7.0,7.0,8.0,0.0,0.0,0.0,0.0,12.9049382716049,49.7761904761904,17.4216666666666,0.0,0.74074074074074,0.111111111111111,0.444444444444444,0.259259259259259,0.259259259259259,0.296296296296296,0.0,,,,,,,,
Ella Huber,Huber,Ella,2002-12-18,2002,Northfield,Illinois,United States,F,Boston Fleet,1,45000.0,26.0,30.0,4.0,58.0,23.0,4.0,2.0,6.0,12.0,1.0,0.0,29.0,55.1724137931034,14.1666666666666,70.8333333333333,7.32758620689655,0.133333333333333,1.93333333333333,0.766666666666666,0.133333333333333,0.0666666666666666,0.2,0.4,6.89655172413793,,,,,,,,
Megan Keller,Keller,Megan,1996-05-01,1996,Farmington,Michigan,United States,D,Boston Fleet,0,105000.0,5.0,30.0,7.0,68.0,50.0,23.0,15.0,22.0,8.0,7.0,1.0,0.0,0.0,26.6511111111111,36.3424242424242,11.7578431372549,0.233333333333333,2.26666666666666,1.66666666666666,0.766666666666666,0.5,0.733333333333333,0.266666666666666,10.2941176470588,,,,,,,,
Laura Kluge,Kluge,Laura,1996-11-06,1996,Berlin,(unknown),Germany,F,Boston Fleet,0,45000.0,25.0,25.0,1.0,12.0,27.0,9.0,1.0,2.0,25.0,0.0,0.0,9.0,11.1111111111111,9.376,117.2,19.5333333333333,0.04,0.48,1.08,0.36,0.04,0.08,1.0,8.33333333333333,,,,,,,,
Abigail Levy,Levy,Abigail,2000-04-02,2000,Congers,New York,United States,G,Boston Fleet,0,41000.0,39.0,3.0,,,,,,,,,,,,,,,,,,,,,,,89.0,7.0,0.0,1.0,29.6666666666666,2.33333333333333,92.7083333333333,33.3333333333333
Rylind Mackinnon,Mackinnon,Rylind,2000-03-05,2000,Cranbrook,British Columbia,Canada,D,Boston Fleet,0,41000.0,53.0,28.0,0.0,10.0,44.0,10.0,1.0,1.0,14.0,0.0,0.0,0.0,0.0,11.420238095238,319.766666666666,31.9766666666666,0.0,0.357142857142857,1.57142857142857,0.357142857142857,0.0357142857142857,0.0357142857142857,0.5,0.0,,,,,,,,
Shay Maloney,Maloney,Shay,2000-01-13,2000,McHenry,Illinois,United States,F,Boston Fleet,0,50000.0,27.0,30.0,3.0,47.0,48.0,22.0,4.0,7.0,10.0,0.0,0.0,117.0,51.2820512820512,15.2833333333333,65.5,9.75531914893617,0.1,1.56666666666666,1.6,0.733333333333333,0.133333333333333,0.233333333333333,0.333333333333333,6.38297872340425,,,,,,,,
Olivia Mobley,Mobley,Olivia,2001-10-28,2001,St. Louis Park,Minnesota,United States,F,Boston Fleet,1,40000.0,15.0,10.0,3.0,22.0,9.0,4.0,2.0,5.0,4.0,1.0,0.0,2.0,100.0,13.715,27.43,6.2340909090909,0.3,2.2,0.9,0.4,0.2,0.5,0.4,13.6363636363636,,,,,,,,
Alina Müller,Müller,Alina,1998-03-12,1998,Winterthur,(unknown),Switzerland,F,Boston Fleet,0,95000.0,11.0,30.0,4.0,62.0,30.0,21.0,17.0,21.0,8.0,7.0,0.0,400.0,63.25,20.7194444444444,29.5992063492063,10.0255376344086,0.133333333333333,2.06666666666666,1.0,0.7,0.566666666666666,0.7,0.266666666666666,6.4516129032258,,,,,,,,
Abby Newhook,Newhook,Abby,2003-05-13,2003,St John's,Newfoundland,Canada,F,Boston Fleet,1,40000.0,19.0,29.0,7.0,43.0,15.0,6.0,7.0,14.0,6.0,4.0,1.0,9.0,55.5555555555555,13.7850574712643,28.5547619047619,9.2968992248062,0.241379310344827,1.48275862068965,0.517241379310344,0.206896551724137,0.241379310344827,0.482758620689655,0.206896551724137,16.2790697674418,,,,,,,,
Daniela Pejšová,Pejšová,Daniela,2002-08-14,2002,Teplice,(unknown),Czechia,D,Boston Fleet,0,52000.0,55.0,27.0,2.0,34.0,30.0,16.0,2.0,4.0,6.0,0.0,0.0,0.0,0.0,14.7493827160493,99.5583333333333,11.7127450980392,0.074074074074074,1.25925925925925,1.11111111111111,0.592592592592592,0.074074074074074,0.148148148148148,0.222222222222222,5.88235294117647,,,,,,,,
Jamie Lee Rattray,Rattray,Jamie Lee,1992-09-30,1992,Kanata,Ontario,Canada,F,Boston Fleet,0,84872.0,47.0,30.0,4.0,41.0,25.0,6.0,8.0,12.0,10.0,2.0,0.0,15.0,33.3333333333333,14.3116666666666,35.7791666666666,10.4719512195121,0.133333333333333,1.36666666666666,0.833333333333333,0.2,0.266666666666666,0.4,0.333333333333333,9.75609756097561,,,,,,,,
Jill Saulnier,Saulnier,Jill,1992-03-07,1992,Halifax,Nova Scotia,Canada,F,Boston Fleet,0,65000.0,44.0,25.0,2.0,37.0,23.0,30.0,4.0,6.0,24.0,0.0,2.0,6.0,50.0,11.9706666666666,49.8777777777777,8.08828828828828,0.08,1.48,0.92,1.2,0.16,0.24,0.96,5.4054054054054,,,,,,,,
Liz Schepers,Schepers,Liz,1999-02-13,1999,Mound ,Minnesota,United States,F,Boston Fleet,0,50000.0,13.0,29.0,5.0,44.0,21.0,14.0,4.0,9.0,2.0,0.0,2.0,338.0,44.9704142011834,14.0477011494252,45.2648148148148,9.25871212121212,0.172413793103448,1.51724137931034,0.724137931034482,0.482758620689655,0.137931034482758,0.310344827586206,0.0689655172413793,11.3636363636363,,,,,,,,
Sophie Shirley,Shirley,Sophie,1999-06-30,1999,Saskatoon,Saskatchewan,Canada,F,Boston Fleet,0,48000.0,9.0,22.0,3.0,17.0,14.0,5.0,6.0,9.0,8.0,1.0,0.0,2.0,0.0,10.5810606060606,25.8648148148148,13.6931372549019,0.136363636363636,0.772727272727272,0.636363636363636,0.227272727272727,0.272727272727272,0.409090909090909,0.363636363636363,17.6470588235294,,,,,,,,
Susanna Tapani,Tapani,Susanna,1993-03-02,1993,Turku,(unknown),Finland,F,Boston Fleet,0,90000.0,77.0,30.0,9.0,62.0,19.0,20.0,9.0,18.0,10.0,4.0,1.0,421.0,46.5558194774346,18.4194444444444,30.699074074074,8.91263440860215,0.3,2.06666666666666,0.633333333333333,0.666666666666666,0.3,0.6,0.333333333333333,14.516129032258,,,,,,,,
Amanda Thiele,Thiele,Amanda,2002-06-30,2002,Milford,Michigan,United States,G,Boston Fleet,1,38666.5,30.0,1.0,,,,,,,,,,,,,,,,,,,,,,,21.0,2.0,0.0,1.0,21.0,2.0,91.3043478260869,100.0
Haley Winn,Winn,Haley,2003-07-14,2003,Rochester,New York ,United States,D,Boston Fleet,1,60000.0,8.0,30.0,5.0,92.0,32.0,45.0,14.0,19.0,6.0,6.0,0.0,0.0,0.0,26.7566666666666,42.2473684210526,8.725,0.166666666666666,3.06666666666666,1.06666666666666,1.5,0.466666666666666,0.633333333333333,0.2,5.43478260869565,,,,,,,,
Peyton Anderson,Anderson,Peyton,2001-04-18,2001,Arvada,Colorado,United States,F,Minnesota Frost,1,37290.25,91.0,28.0,1.0,29.0,8.0,3.0,1.0,2.0,12.0,0.0,0.0,0.0,0.0,7.97738095238095,111.683333333333,7.70229885057471,0.0357142857142857,1.03571428571428,0.285714285714285,0.107142857142857,0.0357142857142857,0.0714285714285714,0.428571428571428,3.44827586206896,,,,,,,,
Mae Batherson,Batherson,Mae,2000-12-05,2000,New Minas ,Nova Scotia,Canada,D,Minnesota Frost,0,40500.0,21.0,30.0,3.0,36.0,4.0,18.0,12.0,15.0,4.0,7.0,0.0,4.0,25.0,18.7533333333333,37.5066666666666,15.6277777777777,0.1,1.2,0.133333333333333,0.6,0.4,0.5,0.133333333333333,8.33333333333333,,,,,,,,
Brooke Becker,Becker,Brooke,2002-05-30,2002,Orchard Park,New York,United States,D,Minnesota Frost,1,37290.25,15.0,27.0,0.0,23.0,14.0,19.0,1.0,1.0,14.0,0.0,0.0,0.0,0.0,12.058024691358,325.566666666666,14.1550724637681,0.0,0.851851851851851,0.518518518518518,0.703703703703703,0.037037037037037,0.037037037037037,0.518518518518518,0.0,,,,,,,,
Madison Bizal,Bizal,Madison,2000-01-25,2000,Elk River,Minnesota,United States,D,Minnesota Frost,0,37290.25,9.0,16.0,0.0,5.0,1.0,3.0,2.0,2.0,0.0,0.0,0.0,0.0,0.0,6.92604166666666,55.4083333333333,22.1633333333333,0.0,0.3125,0.0625,0.1875,0.125,0.125,0.0,0.0,,,,,,,,
Marlène Boissonnault,Boissonnault,Marlène,1997-06-19,1997,Dundee,New Brunswick,Canada,G,Minnesota Frost,0,39000.0,1.0,1.0,,,,,,,,,,,,,,,,,,,,,,,20.0,4.0,0.0,0.0,20.0,4.0,83.3333333333333,0.0
Natalie Buchbinder,Buchbinder,Natalie,1999-01-22,1999,Fairport,New York,United States,D,Minnesota Frost,0,60000.0,22.0,25.0,1.0,17.0,2.0,15.0,1.0,2.0,4.0,1.0,0.0,1.0,0.0,17.3653333333333,217.066666666666,25.5372549019607,0.04,0.68,0.08,0.6,0.04,0.08,0.16,5.88235294117647,,,,,,,,
Claire Butorac,Butorac,Claire,1999-09-24,1999,Andover,Minnesota,United States,F,Minnesota Frost,0,40000.0,7.0,30.0,0.0,11.0,9.0,14.0,3.0,3.0,6.0,0.0,0.0,77.0,28.5714285714285,9.63444444444444,96.3444444444444,26.2757575757575,0.0,0.366666666666666,0.3,0.466666666666666,0.1,0.1,0.2,0.0,,,,,,,,
Kendall Cooper,Cooper,Kendall,2002-05-19,2002,Oakville,Ontario,Canada,D,Minnesota Frost,1,58000.0,4.0,30.0,2.0,45.0,7.0,22.0,17.0,19.0,4.0,6.0,0.0,0.0,0.0,21.4844444444444,33.9228070175438,14.3229629629629,0.0666666666666666,1.5,0.233333333333333,0.733333333333333,0.566666666666666,0.633333333333333,0.133333333333333,4.44444444444444,,,,,,,,
Kendall Coyne Schofield,Coyne Schofield,Kendall,1992-05-25,1992,Palos Heights,Illinois,United States,F,Minnesota Frost,0,100785.5,26.0,23.0,12.0,71.0,11.0,8.0,11.0,23.0,0.0,3.0,0.0,1.0,100.0,18.213768115942,18.213768115942,5.90023474178403,0.521739130434782,3.08695652173913,0.478260869565217,0.347826086956521,0.478260869565217,1.0,0.0,16.9014084507042,,,,,,,,
Britta Curl-Salemme,Curl-Salemme,Britta,2000-03-20,2000,Bismarck,North Dakota,United States,F,Minnesota Frost,0,51000.0,77.0,30.0,11.0,64.0,29.0,22.0,18.0,29.0,22.0,6.0,0.0,119.0,56.3025210084033,17.3672222222222,17.9660919540229,8.14088541666666,0.366666666666666,2.13333333333333,0.966666666666666,0.733333333333333,0.6,0.966666666666666,0.733333333333333,17.1875,,,,,,,,
Élizabeth Giguère,Giguère,Élizabeth,1997-05-08,1997,Québec,Québec,Canada,F,Minnesota Frost,0,37131.5,18.0,13.0,0.0,14.0,2.0,1.0,1.0,1.0,6.0,0.0,0.0,4.0,25.0,10.0128205128205,130.166666666666,9.29761904761904,0.0,1.07692307692307,0.153846153846153,0.0769230769230769,0.0769230769230769,0.0769230769230769,0.461538461538461,0.0,,,,,,,,
Taylor Heise,Heise,Taylor,2000-03-17,2000,Lake City,Minnesota,United States,F,Minnesota Frost,0,90706.95,27.0,30.0,13.0,89.0,21.0,8.0,17.0,30.0,12.0,7.0,0.0,447.0,49.6644295302013,17.8644444444444,17.8644444444444,6.02172284644194,0.433333333333333,2.96666666666666,0.7,0.266666666666666,0.566666666666666,1.0,0.4,14.6067415730337,,,,,,,,
Nicole Hensley,Hensley,Nicole,1994-06-23,1994,Lakewood,Colorado,United States,G,Minnesota Frost,0,86463.35,29.0,13.0,,,,,,,,,,,,,,,,,,,,,,,347.0,35.0,1.0,7.0,26.6923076923076,2.69230769230769,90.8376963350785,53.8461538461538
Abby Hustler,Hustler,Abby,2003-05-05,2003,St. Louis,Prince Edward Island,Canada,F,Minnesota Frost,1,47000.0,74.0,30.0,4.0,54.0,30.0,9.0,9.0,13.0,10.0,5.0,0.0,3.0,0.0,15.0638888888888,34.7628205128205,8.36882716049382,0.133333333333333,1.8,1.0,0.3,0.3,0.433333333333333,0.333333333333333,7.4074074074074,,,,,,,,
Klára Hymlárová,Hymlárová,Klára,1999-02-27,1999,Opava,(unknown),Czechia,F,Minnesota Frost,0,45000.0,71.0,29.0,3.0,25.0,31.0,19.0,5.0,8.0,6.0,1.0,0.0,106.0,43.3962264150943,13.0643678160919,47.3583333333333,15.1546666666666,0.103448275862068,0.862068965517241,1.06896551724137,0.655172413793103,0.172413793103448,0.275862068965517,0.206896551724137,12.0,,,,,,,,
Katy Knoll,Knoll,Katy,2001-01-16,2001,Amherst,New York,United States,F,Minnesota Frost,0,42000.0,6.0,30.0,7.0,41.0,31.0,23.0,2.0,9.0,18.0,1.0,0.0,52.0,36.5384615384615,14.2616666666666,47.5388888888888,10.4353658536585,0.233333333333333,1.36666666666666,1.03333333333333,0.766666666666666,0.0666666666666666,0.3,0.6,17.0731707317073,,,,,,,,
Sidney Morin,Morin,Sidney,1995-06-06,1995,Minnetonka,Minnesota,United States,D,Minnesota Frost,0,55000.0,5.0,30.0,0.0,47.0,15.0,42.0,8.0,8.0,2.0,1.0,0.0,0.0,0.0,21.2305555555555,79.6145833333333,13.5514184397163,0.0,1.56666666666666,0.5,1.4,0.266666666666666,0.266666666666666,0.0666666666666666,0.0,,,,,,,,
Kelly Pannek,Pannek,Kelly,1995-12-29,1995,Plymouth,Minnesota,United States,F,Minnesota Frost,0,84872.0,12.0,30.0,16.0,58.0,7.0,33.0,17.0,33.0,6.0,10.0,0.0,575.0,59.3043478260869,18.8427777777777,17.1297979797979,9.74626436781609,0.533333333333333,1.93333333333333,0.233333333333333,1.1,0.566666666666666,1.1,0.2,27.5862068965517,,,,,,,,
Dominique Petrie,Petrie,Dominique,2001-01-21,2001,Hermosa Beach,California,United States,F,Minnesota Frost,0,57000.0,14.0,10.0,2.0,27.0,24.0,8.0,1.0,3.0,10.0,1.0,0.0,104.0,56.7307692307692,14.595,48.65,5.40555555555555,0.2,2.7,2.4,0.8,0.1,0.3,1.0,7.4074074074074,,,,,,,,
Jincy Roese,Roese,Jincy,1997-05-15,1997,O'Fallon,Missouri ,United States,D,Minnesota Frost,0,65000.0,33.0,28.0,0.0,26.0,13.0,26.0,7.0,7.0,6.0,0.0,0.0,0.0,0.0,15.7136904761904,62.8547619047619,16.9224358974358,0.0,0.928571428571428,0.464285714285714,0.928571428571428,0.25,0.25,0.214285714285714,0.0,,,,,,,,
Maddie Rooney,Rooney,Maddie,1997-07-07,1997,Andover,Minnesota,United States,G,Minnesota Frost,0,72500.0,35.0,16.0,,,,,,,,,,,,,,,,,,,,,,,386.0,33.0,1.0,9.0,24.125,2.0625,92.1241050119331,56.25
Lee Stecklein,Stecklein,Lee,1994-04-23,1994,Roseville ,Minnesota,United States,D,Minnesota Frost,0,90176.5,2.0,28.0,1.0,51.0,9.0,31.0,13.0,14.0,6.0,4.0,0.0,1.0,0.0,24.6773809523809,49.3547619047619,13.5483660130718,0.0357142857142857,1.82142857142857,0.321428571428571,1.10714285714285,0.464285714285714,0.5,0.214285714285714,1.96078431372549,,,,,,,,
Vanessa Upson,Upson,Vanessa,2003-11-18,2003,Stoney Creek,Ontario,Canada,F,Minnesota Frost,1,37291.45,24.0,28.0,0.0,13.0,4.0,14.0,1.0,1.0,0.0,0.0,0.0,146.0,42.4657534246575,8.24107142857142,230.75,17.75,0.0,0.464285714285714,0.142857142857142,0.5,0.0357142857142857,0.0357142857142857,0.0,0.0,,,,,,,,
Grace Zumwinkle,Zumwinkle,Grace,1999-04-23,1999,Excelsior,Minnesota,United States,F,Minnesota Frost,0,84872.0,13.0,29.0,13.0,82.0,3.0,17.0,10.0,23.0,6.0,6.0,0.0,8.0,12.5,16.7126436781609,21.0724637681159,5.91056910569105,0.448275862068965,2.82758620689655,0.103448275862068,0.586206896551724,0.344827586206896,0.793103448275862,0.206896551724137,15.8536585365853,,,,,,,,
Sandra Abstreiter,Abstreiter,Sandra,1998-07-23,1998,Freising,(unknown),Germany,G,Montréal Victoire,0,37132.0,30.0,5.0,,,,,,,,,,,,,,,,,,,,,,,124.0,13.0,1.0,3.0,24.8,2.6,90.5109489051094,60.0
Erin Ambrose,Ambrose,Erin,1994-04-30,1994,Keswick,Ontario,Canada,D,Montréal Victoire,0,84872.0,23.0,21.0,0.0,26.0,7.0,34.0,6.0,6.0,2.0,4.0,0.0,0.0,0.0,19.3960317460317,67.8861111111111,15.6660256410256,0.0,1.23809523809523,0.333333333333333,1.61904761904761,0.285714285714285,0.285714285714285,0.0952380952380952,0.0,,,,,,,,
Amanda Boulier,Boulier,Amanda,1993-03-30,1993,Watertown,Connecticut,United States,D,Montréal Victoire,0,40000.0,44.0,30.0,0.0,20.0,10.0,44.0,3.0,3.0,8.0,0.0,0.0,0.0,0.0,16.9905555555555,169.905555555555,25.4858333333333,0.0,0.666666666666666,0.333333333333333,1.46666666666666,0.1,0.1,0.266666666666666,0.0,,,,,,,,
Shiann Darkangelo,Darkangelo,Shiann,1993-11-28,1993,Brighton,Michigan,United States,F,Montréal Victoire,0,52000.0,27.0,30.0,4.0,58.0,5.0,15.0,4.0,8.0,4.0,2.0,0.0,408.0,52.2058823529411,15.5694444444444,58.3854166666666,8.05316091954022,0.133333333333333,1.93333333333333,0.166666666666666,0.5,0.133333333333333,0.266666666666666,0.133333333333333,6.89655172413793,,,,,,,,
Ann-Renée Desbiens,Desbiens,Ann-Renée,1994-04-10,1994,Clermont,Québec,Canada,G,Montréal Victoire,0,90000.0,35.0,25.0,,,,,,,,,,,,,,,,,,,,,,,592.0,28.0,7.0,19.0,23.68,1.12,95.4838709677419,76.0
Jessica Digirolamo,Digirolamo,Jessica,1999-02-13,1999,Mississauga,Ontario,Canada,D,Montréal Victoire,0,63000.0,22.0,29.0,1.0,35.0,21.0,35.0,2.0,3.0,10.0,0.0,0.0,0.0,0.0,17.7132183908045,171.227777777777,14.6766666666666,0.0344827586206896,1.20689655172413,0.724137931034482,1.20689655172413,0.0689655172413793,0.103448275862068,0.344827586206896,2.85714285714285,,,,,,,,
Jade Downie-Landry,Downie-Landry,Jade,1995-10-03,1995,St-Jean-sur-Richelieu,Québec,Canada,F,Montréal Victoire,0,47000.0,77.0,23.0,2.0,33.0,18.0,9.0,0.0,2.0,6.0,0.0,0.0,38.0,47.3684210526315,11.7572463768115,135.208333333333,8.19444444444444,0.0869565217391304,1.43478260869565,0.782608695652174,0.391304347826087,0.0,0.0869565217391304,0.260869565217391,6.06060606060606,,,,,,,,
Catherine Dubois,Dubois,Catherine,1995-07-29,1995,Charlesbourg,Québec,Canada,F,Montréal Victoire,0,41350.0,28.0,24.0,4.0,29.0,14.0,5.0,1.0,5.0,6.0,0.0,0.0,3.0,66.6666666666666,10.6368055555555,51.0566666666666,8.80287356321839,0.166666666666666,1.20833333333333,0.583333333333333,0.208333333333333,0.0416666666666666,0.208333333333333,0.25,13.7931034482758,,,,,,,,
Maggie Flaherty,Flaherty,Maggie,2000-06-02,2000,Lakeville,Minnesota,United States,D,Montréal Victoire,0,55000.0,91.0,30.0,4.0,40.0,30.0,63.0,5.0,9.0,35.0,4.0,0.0,0.0,0.0,18.5144444444444,61.7148148148148,13.8858333333333,0.133333333333333,1.33333333333333,1.0,2.1,0.166666666666666,0.3,1.16666666666666,10.0,,,,,,,,
Tamara Giaquinto,Giaquinto,Tamara,2002-03-29,2002,Toronto,Ontario,Canada,D,Montréal Victoire,1,37131.5,12.0,12.0,0.0,8.0,1.0,11.0,0.0,0.0,0.0,0.0,0.0,0.0,0.0,10.6097222222222,,15.9145833333333,0.0,0.666666666666666,0.0833333333333333,0.916666666666666,0.0,0.0,0.0,0.0,,,,,,,,
Nicole Gosling,Gosling,Nicole,2002-04-21,2002,London,Ontario,Canada,D,Montréal Victoire,1,50000.0,61.0,30.0,3.0,55.0,27.0,21.0,16.0,19.0,10.0,8.0,0.0,0.0,0.0,21.2927777777777,33.6201754385964,11.6142424242424,0.1,1.83333333333333,0.9,0.7,0.533333333333333,0.633333333333333,0.333333333333333,5.45454545454545,,,,,,,,
Dara Greig,Greig,Dara,2000-12-30,2000,Camden,New Jersey,United States,F,Montréal Victoire,0,37132.0,17.0,29.0,3.0,28.0,27.0,12.0,2.0,5.0,20.0,0.0,0.0,2.0,50.0,12.9362068965517,75.03,13.3982142857142,0.103448275862068,0.96551724137931,0.93103448275862,0.413793103448275,0.0689655172413793,0.172413793103448,0.689655172413793,10.7142857142857,,,,,,,,
Skylar Irving,Irving,Skylar,2002-01-21,2002,Kingston,Massachusetts,United States,F,Montréal Victoire,1,40000.0,88.0,27.0,3.0,33.0,6.0,12.0,6.0,9.0,12.0,0.0,0.0,4.0,0.0,10.6993827160493,32.0981481481481,8.7540404040404,0.111111111111111,1.22222222222222,0.222222222222222,0.444444444444444,0.222222222222222,0.333333333333333,0.444444444444444,9.09090909090909,,,,,,,,
Alexandra Labelle,Labelle,Alexandra,1996-02-27,1996,St-Louis-de-Gonzague,Québec,Canada,F,Montréal Victoire,0,37132.0,13.0,28.0,0.0,25.0,10.0,21.0,4.0,4.0,4.0,0.0,0.0,143.0,55.2447552447552,10.5053571428571,73.5375,11.7659999999999,0.0,0.892857142857142,0.357142857142857,0.75,0.142857142857142,0.142857142857142,0.142857142857142,0.0,,,,,,,,
Lina Ljungblom,Ljungblom,Lina,2001-10-15,2001,Skövde,(unknown),Sweden,F,Montréal Victoire,0,57500.0,25.0,21.0,4.0,31.0,11.0,7.0,5.0,9.0,8.0,2.0,0.0,128.0,52.34375,10.5753968253968,24.6759259259259,7.16397849462365,0.19047619047619,1.47619047619047,0.523809523809523,0.333333333333333,0.238095238095238,0.428571428571428,0.38095238095238,12.9032258064516,,,,,,,,
Nadia Mattivi,Mattivi,Nadia,2000-05-02,2000,Trento,(unknown),Italia,D,Montréal Victoire,0,37131.5,93.0,6.0,0.0,1.0,2.0,4.0,0.0,0.0,2.0,0.0,0.0,0.0,0.0,10.5194444444444,,63.1166666666666,0.0,0.166666666666666,0.333333333333333,0.666666666666666,0.0,0.0,0.333333333333333,0.0,,,,,,,,
Natálie Mlýnková,Mlýnková,Natálie,2001-05-24,2001,Zlin,(unknown),Czechia,F,Montréal Victoire,1,42500.0,96.0,30.0,5.0,46.0,12.0,6.0,5.0,10.0,6.0,1.0,0.0,4.0,75.0,12.0538888888888,36.1616666666666,7.86123188405797,0.166666666666666,1.53333333333333,0.4,0.2,0.166666666666666,0.333333333333333,0.2,10.8695652173913,,,,,,,,
Maureen Murphy,Murphy,Maureen,1999-12-15,1999,Buffalo,New York,United States,F,Montréal Victoire,0,84872.0,21.0,21.0,4.0,50.0,9.0,17.0,3.0,7.0,0.0,2.0,0.0,5.0,60.0,15.1222222222222,45.3666666666666,6.35133333333333,0.19047619047619,2.38095238095238,0.428571428571428,0.809523809523809,0.142857142857142,0.333333333333333,0.0,8.0,,,,,,,,
Marie-Philip Poulin,Poulin,Marie-Philip,1991-03-28,1991,Beauceville,Québec,Canada,F,Montréal Victoire,0,110216.0,29.0,19.0,9.0,58.0,23.0,11.0,9.0,18.0,20.0,5.0,1.0,329.0,62.6139817629179,19.0736842105263,20.1333333333333,6.24827586206896,0.473684210526315,3.05263157894736,1.21052631578947,0.578947368421052,0.473684210526315,0.947368421052631,1.05263157894736,15.5172413793103,,,,,,,,
Abby Roque,Roque,Abby,1997-09-25,1997,Sault Ste. Marie,Michigan,United States,F,Montréal Victoire,0,116699.0,11.0,29.0,8.0,69.0,33.0,10.0,14.0,22.0,31.0,7.0,1.0,292.0,54.7945205479452,20.0982758620689,26.4931818181818,8.44710144927536,0.275862068965517,2.37931034482758,1.13793103448275,0.344827586206896,0.482758620689655,0.758620689655172,1.06896551724137,11.5942028985507,,,,,,,,
Hayley Scamurra,Scamurra,Hayley,1994-12-14,1994,Buffalo,New York,United States,F,Montréal Victoire,0,62500.0,16.0,30.0,8.0,64.0,20.0,25.0,8.0,16.0,20.0,4.0,0.0,337.0,42.1364985163204,15.9794444444444,29.9614583333333,7.49036458333333,0.266666666666666,2.13333333333333,0.666666666666666,0.833333333333333,0.266666666666666,0.533333333333333,0.666666666666666,12.5,,,,,,,,
Laura Stacey,Stacey,Laura,1994-05-05,1994,Kleinburg,Ontario,Canada,F,Montréal Victoire,0,78000.0,7.0,30.0,7.0,113.0,20.0,19.0,15.0,22.0,12.0,6.0,2.0,4.0,25.0,19.7433333333333,26.9227272727272,5.24159292035398,0.233333333333333,3.76666666666666,0.666666666666666,0.633333333333333,0.5,0.733333333333333,0.4,6.19469026548672,,,,,,,,
Kati Tabin,Tabin,Kati,1997-04-21,1997,Winnipeg,Manitoba,Canada,D,Montréal Victoire,0,68000.0,9.0,30.0,2.0,47.0,27.0,16.0,10.0,12.0,12.0,3.0,0.0,0.0,0.0,20.8955555555555,52.2388888888888,13.3375886524822,0.0666666666666666,1.56666666666666,0.9,0.533333333333333,0.333333333333333,0.4,0.4,4.25531914893617,,,,,,,,
Megan Warrener,Warrener,Megan,2003-03-07,2003,Stoney Creek,Ontario,Canada,G,Montréal Victoire,0,37132.0,,,,,,,,,,,,,,,,,,,,,,,,,,,,,,,,
Kaitlin Willoughby,Willoughby,Kaitlin,1995-03-26,1995,Prince Albert,Saskatchewan,Canada,F,Montréal Victoire,0,40000.0,19.0,29.0,3.0,21.0,8.0,11.0,3.0,6.0,4.0,0.0,0.0,4.0,50.0,10.45,50.5083333333333,14.4309523809523,0.103448275862068,0.724137931034482,0.275862068965517,0.379310344827586,0.103448275862068,0.206896551724137,0.137931034482758,14.2857142857142,,,,,,,,
Anna Bargman,Bargman,Anna,2002-08-07,2002,Boxford,Massachusetts,United States,F,New York Sirens,1,38000.0,22.0,29.0,4.0,21.0,9.0,6.0,2.0,6.0,6.0,1.0,0.0,3.0,66.6666666666666,6.37298850574712,30.8027777777777,8.80079365079365,0.137931034482758,0.724137931034482,0.310344827586206,0.206896551724137,0.0689655172413793,0.206896551724137,0.206896551724137,19.047619047619,,,,,,,,
Lauren Bernard,Bernard,Lauren,2001-07-15,2001,Madison ,Ohio,United States,D,New York Sirens,0,41000.0,16.0,30.0,0.0,24.0,10.0,17.0,2.0,2.0,2.0,0.0,1.0,2.0,50.0,13.3094444444444,199.641666666666,16.6368055555555,0.0,0.8,0.333333333333333,0.566666666666666,0.0666666666666666,0.0666666666666666,0.0666666666666666,0.0,,,,,,,,
Jaime Bourbonnais,Bourbonnais,Jaime,1998-09-09,1998,Mississauga,Ontario,Canada,D,New York Sirens,0,90000.0,14.0,28.0,1.0,48.0,43.0,26.0,9.0,10.0,12.0,3.0,0.0,0.0,0.0,21.7321428571428,60.85,12.6770833333333,0.0357142857142857,1.71428571428571,1.53571428571428,0.928571428571428,0.321428571428571,0.357142857142857,0.428571428571428,2.08333333333333,,,,,,,,
Anne Cherkowski,Cherkowski,Anne,2002-07-06,2002,Coldstream,British Columbia,Canada,F,New York Sirens,1,52000.0,24.0,28.0,2.0,75.0,16.0,16.0,7.0,9.0,2.0,0.0,1.0,0.0,0.0,18.6875,58.1388888888888,6.97666666666666,0.0714285714285714,2.67857142857142,0.571428571428571,0.571428571428571,0.25,0.321428571428571,0.0714285714285714,2.66666666666666,,,,,,,,
Clair DeGeorge,DeGeorge,Clair,1999-06-07,1999,Anchorage,Alaska,United States,F,New York Sirens,0,37131.5,41.0,26.0,0.0,11.0,2.0,4.0,2.0,2.0,6.0,0.0,0.0,35.0,34.2857142857142,5.34294871794871,69.4583333333333,12.6287878787878,0.0,0.423076923076923,0.0769230769230769,0.153846153846153,0.0769230769230769,0.0769230769230769,0.23076923076923,0.0,,,,,,,,
Kaley Doyle,Doyle,Kaley,2001-03-23,2001,Livonia,Michigan,United States,G,New York Sirens,1,37666.5,,,,,,,,,,,,,,,,,,,,,,,,,,,,,,,,
Emmy Fecteau,Fecteau,Emmy,1999-04-07,1999,Saint-Odilon-de-Cranbourn,Québec,Canada,F,New York Sirens,0,41000.0,29.0,28.0,0.0,16.0,26.0,5.0,1.0,1.0,27.0,0.0,0.0,16.0,43.75,6.62678571428571,185.55,11.596875,0.0,0.571428571428571,0.928571428571428,0.178571428571428,0.0357142857142857,0.0357142857142857,0.964285714285714,0.0,,,,,,,,
Sarah Fillier,Fillier,Sarah,2000-06-09,2000,Georgetown,Ontario,Canada,F,New York Sirens,0,125000.0,10.0,29.0,9.0,104.0,32.0,20.0,14.0,23.0,14.0,8.0,1.0,183.0,42.6229508196721,20.6816091954023,26.0768115942028,5.76698717948717,0.310344827586206,3.58620689655172,1.10344827586206,0.689655172413793,0.482758620689655,0.793103448275862,0.482758620689655,8.65384615384615,,,,,,,,
Taylor Girard,Girard,Taylor,1998-07-17,1998,Macomb,Michigan,United States,F,New York Sirens,0,50000.0,17.0,17.0,7.0,37.0,14.0,3.0,1.0,8.0,34.0,2.0,0.0,5.0,40.0,13.9588235294117,29.6625,6.41351351351351,0.411764705882352,2.17647058823529,0.823529411764705,0.176470588235294,0.0588235294117647,0.470588235294117,2.0,18.9189189189189,,,,,,,,
Elle Hartje,Hartje,Elle,2001-04-13,2001,Detroit,Michigan,United States,F,New York Sirens,0,43500.0,4.0,29.0,0.0,28.0,12.0,16.0,7.0,7.0,6.0,0.0,0.0,92.0,52.1739130434782,12.8,53.0285714285714,13.2571428571428,0.0,0.96551724137931,0.413793103448275,0.551724137931034,0.241379310344827,0.241379310344827,0.206896551724137,0.0,,,,,,,,
Kristyna Kaltounkova,Kaltounkova,Kristyna,2002-04-14,2002,Vlašim,(unknown),Czechia,F,New York Sirens,1,90500.0,98.0,21.0,11.0,81.0,34.0,14.0,1.0,12.0,45.0,2.0,0.0,86.0,52.3255813953488,19.7603174603174,34.5805555555555,5.12304526748971,0.523809523809523,3.85714285714285,1.61904761904761,0.666666666666666,0.0476190476190476,0.571428571428571,2.14285714285714,13.5802469135802,,,,,,,,
Denisa Křížová,Křížová,Denisa,1994-11-03,1994,Horni Cerekev,(unknown),Czechia,F,New York Sirens,0,51000.0,44.0,30.0,2.0,42.0,10.0,6.0,5.0,7.0,4.0,1.0,0.0,4.0,25.0,14.5133333333333,62.1999999999999,10.3666666666666,0.0666666666666666,1.4,0.333333333333333,0.2,0.166666666666666,0.233333333333333,0.133333333333333,4.76190476190476,,,,,,,,
Paetyn Levis,Levis,Paetyn,1999-11-06,1999,Rogers,Minnesota,United States,F,New York Sirens,0,44500.0,19.0,30.0,5.0,55.0,15.0,11.0,5.0,10.0,10.0,3.0,0.0,28.0,21.4285714285714,17.0527777777777,51.1583333333333,9.30151515151515,0.166666666666666,1.83333333333333,0.5,0.366666666666666,0.166666666666666,0.333333333333333,0.333333333333333,9.09090909090909,,,,,,,,
Savannah Norcross,Norcross,Savannah,2000-06-10,2000,Lynn,Massachusetts,United States,F,New York Sirens,0,40000.0,7.0,23.0,1.0,16.0,11.0,1.0,1.0,2.0,4.0,0.0,0.0,2.0,0.0,4.48695652173913,51.6,6.45,0.0434782608695652,0.695652173913043,0.478260869565217,0.0434782608695652,0.0434782608695652,0.0869565217391304,0.17391304347826,6.25,,,,,,,,
Maja Nylén Persson,Nylén Persson,Maja,2000-11-20,2000,Avesta,(unknown),Sweden,D,New York Sirens,0,54000.0,8.0,30.0,2.0,46.0,9.0,36.0,9.0,11.0,16.0,6.0,1.0,0.0,0.0,21.805,59.4681818181818,14.220652173913,0.0666666666666666,1.53333333333333,0.3,1.2,0.3,0.366666666666666,0.533333333333333,4.34782608695652,,,,,,,,
Casey O’Brien,O’Brien,Casey,2001-08-27,2001,Milton,Massachusetts,United States,F,New York Sirens,1,51000.0,26.0,28.0,7.0,63.0,4.0,8.0,15.0,22.0,2.0,7.0,1.0,496.0,53.6290322580645,20.6190476190476,26.2424242424242,9.16402116402116,0.25,2.25,0.142857142857142,0.285714285714285,0.535714285714285,0.785714285714285,0.0714285714285714,11.1111111111111,,,,,,,,
Kristin O'Neill,O'Neill,Kristin,1998-03-30,1998,Oakville,Ontario,Canada,F,New York Sirens,0,86872.0,43.0,30.0,4.0,59.0,26.0,28.0,1.0,5.0,14.0,2.0,1.0,496.0,54.8387096774193,18.1261111111111,108.756666666666,9.21666666666666,0.133333333333333,1.96666666666666,0.866666666666666,0.933333333333333,0.0333333333333333,0.166666666666666,0.466666666666666,6.77966101694915,,,,,,,,
Kayle Osborne,Osborne,Kayle,2002-02-28,2002,Westport,Ontario,Canada,G,New York Sirens,0,39000.0,82.0,27.0,,,,,,,,,,,,,,,,,,,,,,,628.0,65.0,4.0,11.0,23.2592592592592,2.4074074074074,90.6204906204906,40.7407407407407
Dayle Ross,Ross,Dayle,2003-05-26,2003,Spirit River,Alberta,Canada,D,New York Sirens,1,39000.0,2.0,16.0,0.0,11.0,7.0,4.0,0.0,0.0,0.0,0.0,0.0,0.0,0.0,5.05729166666666,,7.3560606060606,0.0,0.6875,0.4375,0.25,0.0,0.0,0.0,0.0,,,,,,,,
Callie Shanahan,Shanahan,Callie,2003-05-26,2003,Commerce Township,Michigan,United States,G,New York Sirens,1,38000.0,37.0,4.0,,,,,,,,,,,,,,,,,,,,,,,74.0,11.0,0.0,1.0,18.5,2.75,87.0588235294117,25.0
Allyson Simpson,Simpson,Allyson,2000-12-20,2000,Frisco,Texas,United States,D,New York Sirens,0,72500.0,20.0,30.0,3.0,42.0,25.0,38.0,2.0,5.0,16.0,2.0,0.0,0.0,0.0,19.2955555555555,115.773333333333,13.7825396825396,0.1,1.4,0.833333333333333,1.26666666666666,0.0666666666666666,0.166666666666666,0.533333333333333,7.14285714285714,,,,,,,,
Nicole Vallario,Vallario,Nicole,2001-08-30,2001,Lugano,(unknown),Switzerland,D,New York Sirens,1,37131.5,11.0,11.0,1.0,7.0,4.0,9.0,2.0,3.0,2.0,0.0,0.0,3.0,33.3333333333333,11.8151515151515,43.3222222222222,18.5666666666666,0.0909090909090909,0.636363636363636,0.363636363636363,0.818181818181818,0.181818181818181,0.272727272727272,0.181818181818181,14.2857142857142,,,,,,,,
Kayla Vespa,Vespa,Kayla,1997-04-01,1997,Hamilton,Ontario,Canada,F,New York Sirens,0,40000.0,81.0,30.0,0.0,22.0,6.0,1.0,2.0,2.0,6.0,0.0,0.0,143.0,39.8601398601398,7.90166666666666,118.525,10.775,0.0,0.733333333333333,0.2,0.0333333333333333,0.0666666666666666,0.0666666666666666,0.2,0.0,,,,,,,,
Maddi Wheeler,Wheeler,Maddi,2002-10-10,2002,Erinsville,Ontario,Canada,F,New York Sirens,1,39500.0,18.0,29.0,3.0,51.0,51.0,18.0,7.0,10.0,24.0,0.0,0.0,23.0,39.1304347826086,15.1402298850574,43.9066666666666,8.60915032679738,0.103448275862068,1.75862068965517,1.75862068965517,0.620689655172413,0.241379310344827,0.344827586206896,0.827586206896551,5.88235294117647,,,,,,,,
Micah Zandee-Hart,Zandee-Hart,Micah,1997-01-13,1997,Saanichton,British Columbia,Canada,D,New York Sirens,0,94000.0,28.0,29.0,1.0,37.0,24.0,27.0,3.0,4.0,50.0,0.0,0.0,11.0,27.2727272727272,19.0729885057471,138.279166666666,14.949099099099,0.0344827586206896,1.27586206896551,0.827586206896551,0.93103448275862,0.103448275862068,0.137931034482758,1.72413793103448,2.7027027027027,,,,,,,,
Sanni Ahola,Ahola,Sanni,2000-06-03,2000,Helsinki,(unknown),Finland,G,Ottawa Charge,1,38000.0,1.0,2.0,,,,,,,,,,,,,,,,,,,,,,,51.0,4.0,0.0,1.0,25.5,2.0,92.7272727272727,50.0
Michela Cava,Cava,Michela,1994-03-26,1994,Thunder Bay,Ontario,Canada,F,Ottawa Charge,0,78000.0,86.0,30.0,1.0,42.0,11.0,8.0,8.0,9.0,10.0,1.0,0.0,19.0,47.3684210526315,13.7161111111111,45.7203703703703,9.79722222222222,0.0333333333333333,1.4,0.366666666666666,0.266666666666666,0.266666666666666,0.3,0.333333333333333,2.38095238095238,,,,,,,,
Emily Clark,Clark,Emily,1995-11-28,1995,Saskatoon,Saskatchewan,Canada,F,Ottawa Charge,0,126090.0,26.0,30.0,3.0,77.0,45.0,7.0,6.0,9.0,4.0,3.0,0.0,8.0,62.5,17.34,57.8,6.75584415584415,0.1,2.56666666666666,1.5,0.233333333333333,0.2,0.3,0.133333333333333,3.89610389610389,,,,,,,,
Emma Greco,Greco,Emma,1995-03-06,1995,Burlington,Ontario,Canada,D,Ottawa Charge,0,42000.0,25.0,30.0,0.0,15.0,21.0,12.0,2.0,2.0,25.0,0.0,0.0,0.0,0.0,8.82444444444444,132.366666666666,17.6488888888888,0.0,0.5,0.7,0.4,0.0666666666666666,0.0666666666666666,0.833333333333333,0.0,,,,,,,,
Rory Guilday,Guilday,Rory,2002-09-07,2002,Chanhassen,Minnesota,United States,D,Ottawa Charge,1,50000.0,5.0,30.0,1.0,34.0,57.0,35.0,8.0,9.0,18.0,5.0,0.0,0.0,0.0,20.9127777777777,69.7092592592592,18.4524509803921,0.0333333333333333,1.13333333333333,1.9,1.16666666666666,0.266666666666666,0.3,0.6,2.94117647058823,,,,,,,,
Peyton Hemp,Hemp,Peyton,2003-05-15,2003,Andover,Minnesota,United States,F,Ottawa Charge,1,38000.0,29.0,30.0,2.0,45.0,33.0,11.0,7.0,9.0,31.0,0.0,1.0,19.0,31.578947368421,13.6183333333333,45.3944444444444,9.07888888888888,0.0666666666666666,1.5,1.1,0.366666666666666,0.233333333333333,0.3,1.03333333333333,4.44444444444444,,,,,,,,
Brooke Hobson,Hobson,Brooke,1999-05-27,1999,Prince Albert,Saskatchewan,Canada,D,Ottawa Charge,0,72500.0,11.0,23.0,1.0,18.0,33.0,19.0,3.0,4.0,8.0,0.0,0.0,3.0,0.0,16.4405797101449,94.5333333333333,21.0074074074074,0.0434782608695652,0.782608695652174,1.43478260869565,0.826086956521739,0.130434782608695,0.17391304347826,0.347826086956521,5.55555555555555,,,,,,,,
Taylor House,House,Taylor,1998-09-29,1998,Joliet,Illinois,United States,F,Ottawa Charge,0,45000.0,22.0,29.0,0.0,8.0,30.0,8.0,0.0,0.0,8.0,0.0,0.0,13.0,38.4615384615384,7.19310344827586,,26.075,0.0,0.275862068965517,1.03448275862068,0.275862068965517,0.0,0.0,0.275862068965517,0.0,,,,,,,,
Gabrielle Hughes,Hughes,Gabrielle,1999-10-04,1999,Lino Lakes,Minnesota,United States,F,Ottawa Charge,0,105000.0,17.0,28.0,5.0,40.0,25.0,10.0,11.0,16.0,16.0,5.0,0.0,393.0,48.854961832061,16.4047619047619,28.7083333333333,11.4833333333333,0.178571428571428,1.42857142857142,0.892857142857142,0.357142857142857,0.392857142857142,0.571428571428571,0.571428571428571,12.5,,,,,,,,
Brianne Jenner,Jenner,Brianne,1991-05-04,1991,Oakville,Ontario,Canada,F,Ottawa Charge,0,122003.0,19.0,30.0,12.0,80.0,27.0,12.0,14.0,26.0,8.0,8.0,2.0,545.0,57.0642201834862,19.1872222222222,22.1391025641025,7.19520833333333,0.4,2.66666666666666,0.9,0.4,0.466666666666666,0.866666666666666,0.266666666666666,15.0,,,,,,,,
Fanuza Kadirova,Kadirova,Fanuza,1998-04-06,1998,Kukmor,(unknown),Russia,F,Ottawa Charge,0,38000.0,71.0,28.0,10.0,48.0,31.0,10.0,2.0,12.0,14.0,3.0,0.0,4.0,25.0,13.9416666666666,32.5305555555555,8.13263888888889,0.357142857142857,1.71428571428571,1.10714285714285,0.357142857142857,0.0714285714285714,0.428571428571428,0.5,20.8333333333333,,,,,,,,
Jocelyne Larocque,Larocque,Jocelyne,1988-05-19,1988,Ste. Anne,Manitoba,Canada,D,Ottawa Charge,0,86993.8,3.0,30.0,1.0,29.0,30.0,31.0,7.0,8.0,18.0,3.0,1.0,0.0,0.0,22.7166666666666,85.1875,23.5,0.0333333333333333,0.966666666666666,1.0,1.03333333333333,0.233333333333333,0.266666666666666,0.6,3.44827586206896,,,,,,,,
Rebecca Leslie,Leslie,Rebecca,1996-05-08,1996,Ottawa,Ontario,Canada,F,Ottawa Charge,0,60000.0,37.0,30.0,14.0,99.0,7.0,9.0,9.0,23.0,10.0,7.0,1.0,10.0,10.0,18.8522222222222,24.5898550724637,5.71279461279461,0.466666666666666,3.3,0.233333333333333,0.3,0.3,0.766666666666666,0.333333333333333,14.1414141414141,,,,,,,,
Stephanie Markowski,Markowski,Stephanie,2001-08-24,2001,Edmonton,Alberta,Canada,D,Ottawa Charge,0,40000.0,6.0,30.0,1.0,31.0,16.0,15.0,4.0,5.0,6.0,0.0,0.0,1.0,0.0,13.3944444444444,80.3666666666666,12.9623655913978,0.0333333333333333,1.03333333333333,0.533333333333333,0.5,0.133333333333333,0.166666666666666,0.2,3.2258064516129,,,,,,,,
Brooke McQuigge,McQuigge,Brooke,2000-06-09,2000,Bowmanville,Ontario,Canada,F,Ottawa Charge,0,42500.0,27.0,30.0,0.0,17.0,40.0,6.0,2.0,2.0,10.0,0.0,0.0,15.0,66.6666666666666,10.4472222222222,156.708333333333,18.4362745098039,0.0,0.566666666666666,1.33333333333333,0.2,0.0666666666666666,0.0666666666666666,0.333333333333333,0.0,,,,,,,,
Kateřina Mrázová,Mrázová,Kateřina,1992-10-19,1992,Kolín,(unknown),Czechia,F,Ottawa Charge,0,55000.0,16.0,30.0,2.0,31.0,27.0,12.0,7.0,9.0,8.0,5.0,0.0,354.0,43.2203389830508,16.6361111111111,55.4537037037037,16.0994623655913,0.0666666666666666,1.03333333333333,0.9,0.4,0.233333333333333,0.3,0.266666666666666,6.4516129032258,,,,,,,,
Gwyneth Philips,Philips,Gwyneth,2000-09-17,2000,Athens,Ohio,United States,G,Ottawa Charge,0,91200.0,33.0,28.0,,,,,,,,,,,,,,,,,,,,,,,786.0,58.0,3.0,16.0,28.0714285714285,2.07142857142857,93.127962085308,57.1428571428571
Vita Poniatovskaia,Poniatovskaia,Vita,2003-01-08,2003,Chelyabinsk,(unknown),Russia,D,Ottawa Charge,0,37131.5,9.0,7.0,0.0,2.0,1.0,0.0,0.0,0.0,2.0,0.0,0.0,0.0,0.0,2.6,,9.1,0.0,0.285714285714285,0.142857142857142,0.0,0.0,0.0,0.285714285714285,0.0,,,,,,,,
Kathryn Reilly,Reilly,Kathryn,2001-01-17,2001,Richmond,British Columbia,Canada,D,Ottawa Charge,1,38000.0,8.0,25.0,0.0,13.0,11.0,11.0,4.0,4.0,16.0,0.0,0.0,0.0,0.0,15.6526666666666,97.8291666666666,30.101282051282,0.0,0.52,0.44,0.44,0.16,0.16,0.64,0.0,,,,,,,,
Ronja Savolainen,Savolainen,Ronja,1997-11-29,1997,Helsinki,(unknown),Finland,D,Ottawa Charge,0,55751.7,88.0,30.0,4.0,55.0,42.0,25.0,6.0,10.0,10.0,5.0,0.0,0.0,0.0,22.0505555555555,66.1516666666666,12.0275757575757,0.133333333333333,1.83333333333333,1.4,0.833333333333333,0.2,0.333333333333333,0.333333333333333,7.27272727272727,,,,,,,,
Alexa Vasko,Vasko,Alexa,1999-02-07,1999,St. Catharines,Ontario,Canada,F,Ottawa Charge,0,38000.0,10.0,30.0,2.0,25.0,49.0,17.0,1.0,3.0,10.0,0.0,1.0,226.0,53.0973451327433,9.97999999999999,99.8,11.9759999999999,0.0666666666666666,0.833333333333333,1.63333333333333,0.566666666666666,0.0333333333333333,0.1,0.333333333333333,8.0,,,,,,,,
Olivia Wallin,Wallin,Olivia,2002-03-09,2002,Oakville,Ontario,Canada,F,Ottawa Charge,1,37131.5,14.0,2.0,0.0,0.0,0.0,0.0,0.0,0.0,0.0,0.0,0.0,0.0,0.0,2.40833333333333,,,0.0,0.0,0.0,0.0,0.0,0.0,0.0,0.0,,,,,,,,
Kendra Woodland,Woodland,Kendra,2000-02-18,2000,Kamloops,British Columbia,Canada,G,Ottawa Charge,0,38000.0,70.0,1.0,,,,,,,,,,,,,,,,,,,,,,,14.0,2.0,0.0,0.0,14.0,2.0,87.5,0.0
Sarah Wozniewicz,Wozniewicz,Sarah,2003-08-25,2003,Cochrane,Alberta,Canada,F,Ottawa Charge,1,40000.0,23.0,30.0,7.0,69.0,30.0,11.0,6.0,13.0,8.0,1.0,0.0,8.0,62.5,16.4755555555555,38.0205128205128,7.16328502415459,0.233333333333333,2.3,1.0,0.366666666666666,0.2,0.433333333333333,0.266666666666666,10.1449275362318,,,,,,,,
Lexie Adzija,Adzija,Lexie,2000-06-30,2000,St. Thomas,Ontario,Canada,F,Seattle Torrent,0,50000.0,78.0,30.0,4.0,43.0,12.0,19.0,1.0,5.0,10.0,1.0,1.0,35.0,40.0,14.9738888888888,89.8433333333333,10.4468992248062,0.133333333333333,1.43333333333333,0.4,0.633333333333333,0.0333333333333333,0.166666666666666,0.333333333333333,9.30232558139535,,,,,,,,
Cayla Barnes,Barnes,Cayla,1999-01-07,1999,Eastvale,California,United States,D,Seattle Torrent,0,70000.0,3.0,30.0,3.0,63.0,16.0,43.0,5.0,8.0,20.0,2.0,0.0,0.0,0.0,23.2911111111111,87.3416666666666,11.0910052910052,0.1,2.1,0.533333333333333,1.43333333333333,0.166666666666666,0.266666666666666,0.666666666666666,4.76190476190476,,,,,,,,
Hannah Bilka,Bilka,Hannah,2001-03-24,2001,Coppell,Texas,United States,F,Seattle Torrent,0,70000.0,19.0,14.0,4.0,38.0,8.0,7.0,5.0,9.0,4.0,5.0,0.0,2.0,50.0,17.9428571428571,27.9111111111111,6.61052631578947,0.285714285714285,2.71428571428571,0.571428571428571,0.5,0.357142857142857,0.642857142857142,0.285714285714285,10.5263157894736,,,,,,,,
Emily Brown,Brown,Emily,1998-12-30,1998,Blaine,Minnesota,United States,D,Seattle Torrent,0,53500.0,11.0,30.0,0.0,20.0,29.0,44.0,4.0,4.0,12.0,0.0,0.0,0.0,0.0,18.2622222222222,136.966666666666,27.3933333333333,0.0,0.666666666666666,0.966666666666666,1.46666666666666,0.133333333333333,0.133333333333333,0.4,0.0,,,,,,,,
Jenna Buglioni,Buglioni,Jenna,2002-03-13,2002,Port Moody,British Columbia,Canada,F,Seattle Torrent,1,58000.0,10.0,18.0,0.0,4.0,7.0,6.0,0.0,0.0,2.0,0.0,0.0,61.0,40.983606557377,6.08981481481481,,27.4041666666666,0.0,0.222222222222222,0.388888888888888,0.333333333333333,0.0,0.0,0.111111111111111,0.0,,,,,,,,
Alex Carpenter,Carpenter,Alex,1994-04-13,1994,North Reading,Massachusetts,United States,F,Seattle Torrent,0,90000.0,25.0,30.0,12.0,90.0,2.0,20.0,8.0,20.0,2.0,6.0,0.0,745.0,59.0604026845637,21.2422222222222,31.8633333333333,7.08074074074074,0.4,3.0,0.0666666666666666,0.666666666666666,0.266666666666666,0.666666666666666,0.0666666666666666,13.3333333333333,,,,,,,,
Megan Carter,Carter,Megan,2001-05-23,2001,Milton,Ontario,Canada,D,Seattle Torrent,0,45000.0,27.0,30.0,1.0,26.0,37.0,29.0,4.0,5.0,26.0,0.0,0.0,2.0,0.0,17.2855555555555,103.713333333333,19.9448717948717,0.0333333333333333,0.866666666666666,1.23333333333333,0.966666666666666,0.133333333333333,0.166666666666666,0.866666666666666,3.84615384615384,,,,,,,,
Gabrielle David,David,Gabrielle,1999-06-22,1999,Drummondville,Québec,Canada,F,Seattle Torrent,0,37131.5,28.0,9.0,1.0,10.0,3.0,2.0,1.0,2.0,2.0,1.0,0.0,59.0,37.2881355932203,15.9148148148148,71.6166666666666,14.3233333333333,0.111111111111111,1.11111111111111,0.333333333333333,0.222222222222222,0.111111111111111,0.222222222222222,0.222222222222222,10.0,,,,,,,,
Lily Delianedis,Delianedis,Lily,2001-10-07,2001,Edina,Minnesota,United States,F,Seattle Torrent,1,40000.0,7.0,24.0,0.0,7.0,8.0,4.0,2.0,2.0,6.0,0.0,0.0,55.0,54.5454545454545,6.92986111111111,83.1583333333333,23.7595238095238,0.0,0.291666666666666,0.333333333333333,0.166666666666666,0.0833333333333333,0.0833333333333333,0.25,0.0,,,,,,,,
Julia Gosling,Gosling,Julia,2001-02-21,2001,London,Ontario,Canada,F,Seattle Torrent,0,53000.0,88.0,30.0,6.0,95.0,18.0,16.0,14.0,20.0,10.0,7.0,0.0,30.0,36.6666666666666,18.6538888888888,27.9808333333333,5.89070175438596,0.2,3.16666666666666,0.6,0.533333333333333,0.466666666666666,0.666666666666666,0.333333333333333,6.31578947368421,,,,,,,,
Mikyla Grant-Mentis,Grant-Mentis,Mikyla,1998-07-15,1998,Brampton,Ontario,Canada,F,Seattle Torrent,0,65000.0,13.0,25.0,3.0,47.0,12.0,31.0,3.0,6.0,8.0,0.0,1.0,277.0,42.9602888086642,15.4073333333333,64.1972222222222,8.19539007092198,0.12,1.88,0.48,1.24,0.12,0.24,0.32,6.38297872340425,,,,,,,,
Jada Habisch,Habisch,Jada,2002-06-25,2002,Buffalo,Minnesota,United States,F,Seattle Torrent,1,37131.5,52.0,11.0,1.0,6.0,1.0,1.0,0.0,1.0,0.0,0.0,0.0,0.0,0.0,7.64090909090909,84.05,14.0083333333333,0.0909090909090909,0.545454545454545,0.0909090909090909,0.0909090909090909,0.0,0.0909090909090909,0.0,16.6666666666666,,,,,,,,
Carly Jackson,Jackson,Carly,1997-06-23,1997,Amherst,Nova Scotia,Canada,G,Seattle Torrent,0,45000.0,70.0,2.0,,,,,,,,,,,,,,,,,,,,,,,45.0,6.0,0.0,0.0,22.5,3.0,88.235294117647,0.0
Mariah Keopple,Keopple,Mariah,2000-06-27,2000,Menomonie,Wisconsin,United States,D,Seattle Torrent,0,53000.0,20.0,29.0,0.0,12.0,5.0,40.0,3.0,3.0,0.0,0.0,0.0,2.0,0.0,13.503448275862,130.533333333333,32.6333333333333,0.0,0.413793103448275,0.172413793103448,1.37931034482758,0.103448275862068,0.103448275862068,0.0,0.0,,,,,,,,
Hilary Knight,Knight,Hilary,1989-07-12,1989,Sun Valley,Idaho,United States,F,Seattle Torrent,0,106090.0,21.0,22.0,5.0,67.0,14.0,11.0,9.0,14.0,8.0,5.0,0.0,9.0,55.5555555555555,20.9386363636363,32.9035714285714,6.87537313432835,0.227272727272727,3.04545454545454,0.636363636363636,0.5,0.409090909090909,0.636363636363636,0.363636363636363,7.46268656716417,,,,,,,,
Sydney Langseth,Langseth,Sydney,2002-01-29,2002,Eden Prairie,Minnesota,United States,F,Seattle Torrent,0,37131.5,71.0,16.0,0.0,9.0,2.0,8.0,0.0,0.0,0.0,0.0,0.0,69.0,43.4782608695652,7.71145833333333,,13.7092592592592,0.0,0.5625,0.125,0.5,0.0,0.0,0.0,0.0,,,,,,,,
Lyndie Lobdell,Lobdell,Lyndie,2002-09-01,2002,Aurora,Illinois,United States,D,Seattle Torrent,1,39000.0,24.0,25.0,0.0,15.0,9.0,20.0,4.0,4.0,8.0,0.0,0.0,1.0,100.0,10.074,62.9625,16.79,0.0,0.6,0.36,0.8,0.16,0.16,0.32,0.0,,,,,,,,
Hannah Murphy,Murphy,Hannah,2003-08-03,2003,Kingston,Ontario,Canada,G,Seattle Torrent,1,54000.0,83.0,12.0,,,,,,,,,,,,,,,,,,,,,,,337.0,34.0,0.0,4.0,28.0833333333333,2.83333333333333,90.8355795148248,33.3333333333333
Theresa Schafzahl,Schafzahl,Theresa,2000-04-12,2000,Weiz,(unknown),Austria,F,Seattle Torrent,0,65000.0,37.0,30.0,4.0,44.0,10.0,22.0,11.0,15.0,0.0,2.0,0.0,8.0,50.0,16.5594444444444,33.1188888888888,11.2905303030303,0.133333333333333,1.46666666666666,0.333333333333333,0.733333333333333,0.366666666666666,0.5,0.0,9.09090909090909,,,,,,,,
Corinne Schroeder,Schroeder,Corinne,1999-08-17,1999,Elm Creek,Manitoba,Canada,G,Seattle Torrent,0,60000.0,30.0,17.0,,,,,,,,,,,,,,,,,,,,,,,462.0,43.0,0.0,5.0,27.1764705882352,2.52941176470588,91.4851485148514,29.4117647058823
Danielle Serdachny,Serdachny,Danielle,2001-05-12,2001,Edmonton,Alberta,Canada,F,Seattle Torrent,0,67500.0,92.0,30.0,7.0,75.0,28.0,14.0,9.0,16.0,8.0,2.0,0.0,323.0,43.6532507739938,18.6955555555555,35.0541666666666,7.47822222222222,0.233333333333333,2.5,0.933333333333333,0.466666666666666,0.3,0.533333333333333,0.266666666666666,9.33333333333333,,,,,,,,
Natalie Snodgrass,Snodgrass,Natalie,1998-12-17,1998,Eagan,Minnesota,United States,F,Seattle Torrent,0,42000.0,8.0,29.0,2.0,40.0,6.0,9.0,3.0,5.0,4.0,1.0,0.0,18.0,44.4444444444444,15.1666666666666,87.9666666666666,10.9958333333333,0.0689655172413793,1.37931034482758,0.206896551724137,0.310344827586206,0.103448275862068,0.172413793103448,0.137931034482758,5.0,,,,,,,,
Aneta Tejralová,Tejralová,Aneta,1996-01-04,1996,Prague,(unknown),Czechia,D,Seattle Torrent,0,60000.0,2.0,23.0,2.0,28.0,17.0,30.0,6.0,8.0,25.0,2.0,0.0,0.0,0.0,19.163768115942,55.0958333333333,15.7416666666666,0.0869565217391304,1.21739130434782,0.739130434782608,1.30434782608695,0.260869565217391,0.347826086956521,1.08695652173913,7.14285714285714,,,,,,,,
Anna Wilgren,Wilgren,Anna,1999-11-10,1999,Hudson,Wisconsin,United States,D,Seattle Torrent,0,60000.0,5.0,30.0,3.0,52.0,36.0,40.0,7.0,10.0,26.0,2.0,0.0,0.0,0.0,20.0833333333333,60.25,11.5865384615384,0.1,1.73333333333333,1.2,1.33333333333333,0.233333333333333,0.333333333333333,0.866666666666666,5.76923076923076,,,,,,,,
Hanna Baskin,Baskin,Hanna,2003-07-10,2003,Minnetonka,Minnesota,United States,D,Toronto Sceptres,1,37131.5,10.0,11.0,0.0,3.0,2.0,0.0,0.0,0.0,2.0,0.0,0.0,2.0,100.0,5.72272727272727,,20.9833333333333,0.0,0.272727272727272,0.181818181818181,0.0,0.0,0.0,0.181818181818181,0.0,,,,,,,,
Elaine Chuli,Chuli,Elaine,1994-05-16,1994,Waterford,Ontario,Canada,G,Toronto Sceptres,0,45000.0,29.0,8.0,,,,,,,,,,,,,,,,,,,,,,,184.0,22.0,0.0,3.0,23.0,2.75,89.3203883495145,37.5
Jesse Compher,Compher,Jesse,1999-07-01,1999,Northbrook,Illinois,United States,F,Toronto Sceptres,0,75000.0,18.0,30.0,6.0,71.0,21.0,21.0,6.0,12.0,14.0,3.0,1.0,151.0,45.6953642384106,17.5977777777777,43.9944444444444,7.4356807511737,0.2,2.36666666666666,0.7,0.7,0.2,0.4,0.466666666666666,8.45070422535211,,,,,,,,
Maggie Connors,Connors,Maggie,2000-10-22,2000,St John's,Newfoundland,Canada,F,Toronto Sceptres,0,47500.0,22.0,30.0,3.0,58.0,11.0,14.0,2.0,5.0,6.0,0.0,0.0,13.0,30.7692307692307,14.77,88.62,7.63965517241379,0.1,1.93333333333333,0.366666666666666,0.466666666666666,0.0666666666666666,0.166666666666666,0.2,5.17241379310344,,,,,,,,
Claire Dalton,Dalton,Claire,2000-03-20,2000,Toronto,Ontario,Canada,F,Toronto Sceptres,0,47500.0,42.0,30.0,1.0,36.0,15.0,26.0,9.0,10.0,6.0,0.0,0.0,15.0,40.0,15.2044444444444,45.6133333333333,12.6703703703703,0.0333333333333333,1.2,0.5,0.866666666666666,0.3,0.333333333333333,0.2,2.77777777777777,,,,,,,,
Kristin Della Rovere,Della Rovere,Kristin,2000-11-30,2000,Caledon,Ontario,Canada,F,Toronto Sceptres,1,37131.5,21.0,5.0,0.0,1.0,1.0,1.0,0.0,0.0,2.0,0.0,0.0,5.0,20.0,2.57666666666666,,12.8833333333333,0.0,0.2,0.2,0.2,0.0,0.0,0.4,0.0,,,,,,,,
Renata Fast,Fast,Renata,1994-10-06,1994,Burlington,Ontario,Canada,D,Toronto Sceptres,0,106090.0,14.0,26.0,1.0,55.0,58.0,20.0,9.0,10.0,18.0,0.0,1.0,1.0,100.0,24.6820512820512,64.1733333333333,11.6678787878787,0.0384615384615384,2.11538461538461,2.23076923076923,0.769230769230769,0.346153846153846,0.384615384615384,0.692307692307692,1.81818181818181,,,,,,,,
Kali Flanagan,Flanagan,Kali,1995-09-19,1995,Burlington,Massachusetts,United States,D,Toronto Sceptres,0,70000.0,6.0,30.0,2.0,52.0,4.0,32.0,5.0,7.0,4.0,1.0,0.0,0.0,0.0,21.6911111111111,92.9619047619047,12.5141025641025,0.0666666666666666,1.73333333333333,0.133333333333333,1.06666666666666,0.166666666666666,0.233333333333333,0.133333333333333,3.84615384615384,,,,,,,,
Emma Gentry,Gentry,Emma,2002-10-23,2002,Alpena,Michigan,United States,F,Toronto Sceptres,1,44000.0,20.0,27.0,1.0,29.0,18.0,20.0,1.0,2.0,14.0,0.0,0.0,129.0,36.4341085271317,10.1203703703703,136.625,9.42241379310344,0.037037037037037,1.07407407407407,0.666666666666666,0.74074074074074,0.037037037037037,0.074074074074074,0.518518518518518,3.44827586206896,,,,,,,,
Savannah Harmon,Harmon,Savannah,1995-10-27,1995,Downers Grove,Illinois,United States,D,Toronto Sceptres,0,88585.15,15.0,30.0,2.0,52.0,14.0,18.0,4.0,6.0,6.0,3.0,1.0,1.0,100.0,22.7966666666666,113.983333333333,13.151923076923,0.0666666666666666,1.73333333333333,0.466666666666666,0.6,0.133333333333333,0.2,0.2,3.84615384615384,,,,,,,,
Sara Hjalmarsson,Hjalmarsson,Sara,1998-02-08,1998,Bankeryd,(unknown),Sweden,F,Toronto Sceptres,0,37200.0,19.0,30.0,3.0,32.0,13.0,7.0,0.0,3.0,6.0,0.0,0.0,151.0,46.3576158940397,11.3661111111111,113.661111111111,10.6557291666666,0.1,1.06666666666666,0.433333333333333,0.233333333333333,0.0,0.1,0.2,9.375,,,,,,,,
Raygan Kirk,Kirk,Raygan,2001-03-11,2001,Ste. Anne,Manitoba,Canada,G,Toronto Sceptres,0,37200.0,1.0,23.0,,,,,,,,,,,,,,,,,,,,,,,599.0,42.0,3.0,8.0,26.0434782608695,1.82608695652173,93.4477379095163,34.7826086956521
Anna Kjellbin,Kjellbin,Anna,1994-03-16,1994,Göteberg,(unknown),Sweden,D,Toronto Sceptres,0,37200.0,71.0,30.0,1.0,19.0,16.0,20.0,3.0,4.0,4.0,1.0,0.0,1.0,0.0,11.7788888888888,88.3416666666666,18.598245614035,0.0333333333333333,0.633333333333333,0.533333333333333,0.666666666666666,0.1,0.133333333333333,0.133333333333333,5.26315789473684,,,,,,,,
Jessica Kondas,Kondas,Jessica,2000-01-03,2000,Calgary,Alberta,Canada,D,Toronto Sceptres,0,37200.0,2.0,14.0,0.0,5.0,8.0,5.0,0.0,0.0,2.0,0.0,0.0,0.0,0.0,4.71190476190476,,13.1933333333333,0.0,0.357142857142857,0.571428571428571,0.357142857142857,0.0,0.0,0.142857142857142,0.0,,,,,,,,
Emma Maltais,Maltais,Emma,1999-11-04,1999,Burlington,Ontario,Canada,F,Toronto Sceptres,0,84872.0,27.0,30.0,3.0,52.0,41.0,24.0,7.0,10.0,24.0,3.0,0.0,422.0,52.3696682464455,19.5994444444444,58.7983333333333,11.3073717948717,0.1,1.73333333333333,1.36666666666666,0.8,0.233333333333333,0.333333333333333,0.8,5.76923076923076,,,,,,,,
Jessie McPherson,McPherson,Jessie,2002-12-20,2002,Chatham,Ontario,Canada,G,Toronto Sceptres,0,37200.0,,,,,,,,,,,,,,,,,,,,,,,,,,,,,,,,
Allie Munroe,Munroe,Allie,1997-04-20,1997,Yarmouth,Nova Scotia,Canada,D,Toronto Sceptres,0,46000.0,12.0,19.0,0.0,8.0,15.0,24.0,2.0,2.0,12.0,1.0,0.0,2.0,50.0,16.5175438596491,156.916666666666,39.2291666666666,0.0,0.421052631578947,0.789473684210526,1.26315789473684,0.105263157894736,0.105263157894736,0.631578947368421,0.0,,,,,,,,
Ella Shelton,Shelton,Ella,1998-01-19,1998,Ingersoll,Ontario,Canada,D,Toronto Sceptres,0,79321.2,17.0,30.0,3.0,59.0,50.0,55.0,4.0,7.0,12.0,0.0,0.0,3.0,33.3333333333333,24.5933333333333,105.399999999999,12.5050847457627,0.1,1.96666666666666,1.66666666666666,1.83333333333333,0.133333333333333,0.233333333333333,0.4,5.08474576271186,,,,,,,,
Natalie Spooner,Spooner,Natalie,1990-10-17,1990,Scarborough,Ontario,Canada,F,Toronto Sceptres,0,75000.0,24.0,30.0,3.0,75.0,8.0,15.0,5.0,8.0,6.0,0.0,0.0,18.0,38.8888888888888,15.5511111111111,58.3166666666666,6.22044444444444,0.1,2.5,0.266666666666666,0.5,0.166666666666666,0.266666666666666,0.2,4.0,,,,,,,,
Blayre Turnbull,Turnbull,Blayre,1993-07-15,1993,Stellarton,Nova Scotia,Canada,F,Toronto Sceptres,0,92298.3,40.0,30.0,9.0,76.0,50.0,26.0,8.0,17.0,10.0,4.0,1.0,459.0,48.3660130718954,18.6433333333333,32.9,7.35921052631578,0.3,2.53333333333333,1.66666666666666,0.866666666666666,0.266666666666666,0.566666666666666,0.333333333333333,11.8421052631578,,,,,,,,
Clara Van Wieren,Van Wieren,Clara,2002-01-25,2002,Okemos,Michigan,United States,F,Toronto Sceptres,1,40000.0,25.0,29.0,0.0,21.0,13.0,17.0,2.0,2.0,23.0,0.0,0.0,185.0,46.4864864864864,10.2367816091954,148.433333333333,14.1365079365079,0.0,0.724137931034482,0.448275862068965,0.586206896551724,0.0689655172413793,0.0689655172413793,0.793103448275862,0.0,,,,,,,,
Daryl Watts,Watts,Daryl,1999-05-15,1999,Toronto,Ontario,Canada,F,Toronto Sceptres,0,59000.0,9.0,27.0,10.0,86.0,11.0,12.0,9.0,19.0,4.0,3.0,1.0,10.0,40.0,18.8154320987654,26.7377192982456,5.90717054263565,0.37037037037037,3.18518518518518,0.407407407407407,0.444444444444444,0.333333333333333,0.703703703703703,0.148148148148148,11.6279069767441,,,,,,,,
Emma Woods,Woods,Emma,1995-12-18,1995,Burford,Ontario,Canada,F,Toronto Sceptres,0,43000.0,67.0,30.0,1.0,26.0,12.0,6.0,1.0,2.0,8.0,0.0,0.0,8.0,25.0,8.05055555555555,120.758333333333,9.28910256410256,0.0333333333333333,0.866666666666666,0.4,0.2,0.0333333333333333,0.0666666666666666,0.266666666666666,3.84615384615384,,,,,,,,
Kiara Zanon,Zanon,Kiara,2002-08-22,2002,Fairport,New York,United States,F,Toronto Sceptres,1,44000.0,11.0,30.0,1.0,27.0,12.0,11.0,2.0,3.0,6.0,0.0,0.0,6.0,33.3333333333333,11.9711111111111,119.711111111111,13.3012345679012,0.0333333333333333,0.9,0.4,0.366666666666666,0.0666666666666666,0.1,0.2,3.7037037037037,,,,,,,,
Sydney Bard,Bard,Sydney,2001-01-15,2001,New Hartford,New York,United States,D,Vancouver Goldeneyes,0,40000.0,11.0,30.0,0.0,19.0,32.0,43.0,2.0,2.0,0.0,0.0,0.0,0.0,0.0,13.8388888888888,207.583333333333,21.8508771929824,0.0,0.633333333333333,1.06666666666666,1.43333333333333,0.0666666666666666,0.0666666666666666,0.0,0.0,,,,,,,,
Ashton Bell,Bell,Ashton,1999-12-07,1999,Deloraine,Manitoba,Canada,D,Vancouver Goldeneyes,0,84872.0,21.0,30.0,2.0,26.0,19.0,54.0,4.0,6.0,0.0,1.0,0.0,0.0,0.0,20.5344444444444,102.672222222222,23.6935897435897,0.0666666666666666,0.866666666666666,0.633333333333333,1.8,0.133333333333333,0.2,0.0,7.69230769230769,,,,,,,,
Abigail Boreen,Boreen,Abigail,2000-04-03,2000,Somerset,Wisconsin,United States,F,Vancouver Goldeneyes,0,47000.0,22.0,30.0,4.0,57.0,35.0,22.0,5.0,9.0,14.0,2.0,0.0,38.0,42.1052631578947,17.2188888888888,57.3962962962963,9.0625730994152,0.133333333333333,1.9,1.16666666666666,0.733333333333333,0.166666666666666,0.3,0.466666666666666,7.01754385964912,,,,,,,,
Kristen Campbell,Campbell,Kristen,1997-11-30,1997,Brandon,Manitoba,Canada,G,Vancouver Goldeneyes,0,69872.0,50.0,13.0,,,,,,,,,,,,,,,,,,,,,,,274.0,26.0,1.0,5.0,21.076923076923,2.0,91.3333333333333,38.4615384615384
Katie Chan,Chan,Katie,2003-01-05,2003,Richmond,British Columbia,Canada,F,Vancouver Goldeneyes,1,37131.5,9.0,17.0,1.0,6.0,4.0,8.0,0.0,1.0,4.0,0.0,0.0,6.0,16.6666666666666,9.1,154.7,25.7833333333333,0.0588235294117647,0.352941176470588,0.235294117647058,0.470588235294117,0.0,0.0588235294117647,0.235294117647058,16.6666666666666,,,,,,,,
Mellissa Channell Watkins,Channell Watkins,Mellissa,1994-12-16,1994,Plymouth,Michigan,United States,D,Vancouver Goldeneyes,0,58000.0,23.0,30.0,0.0,23.0,44.0,37.0,2.0,2.0,4.0,0.0,0.0,0.0,0.0,18.9827777777777,284.741666666666,24.7601449275362,0.0,0.766666666666666,1.46666666666666,1.23333333333333,0.0666666666666666,0.0666666666666666,0.133333333333333,0.0,,,,,,,,
Izzy Daniel,Daniel,Izzy,2000-09-29,2000,Minneapolis,Minnesota,United States,F,Vancouver Goldeneyes,0,41271.0,8.0,28.0,7.0,39.0,14.0,14.0,3.0,10.0,12.0,1.0,0.0,11.0,45.4545454545454,15.0571428571428,42.16,10.8102564102564,0.25,1.39285714285714,0.5,0.5,0.107142857142857,0.357142857142857,0.428571428571428,17.9487179487179,,,,,,,,
Jennifer Gardiner,Gardiner,Jennifer,2001-09-18,2001,Surrey,British Columbia,Canada,F,Vancouver Goldeneyes,0,50000.0,12.0,30.0,9.0,59.0,22.0,8.0,10.0,19.0,4.0,2.0,1.0,5.0,20.0,17.0772222222222,26.9640350877193,8.68333333333333,0.3,1.96666666666666,0.733333333333333,0.266666666666666,0.333333333333333,0.633333333333333,0.133333333333333,15.2542372881355,,,,,,,,
Sophie Jaques,Jaques,Sophie,2000-10-16,2000,Toronto,Ontario,Canada,D,Vancouver Goldeneyes,0,85000.0,16.0,30.0,9.0,110.0,17.0,39.0,11.0,20.0,8.0,4.0,0.0,0.0,0.0,24.7027777777777,37.0541666666666,6.73712121212121,0.3,3.66666666666666,0.566666666666666,1.3,0.366666666666666,0.666666666666666,0.266666666666666,8.18181818181818,,,,,,,,
Nina Jobst-Smith,Jobst-Smith,Nina,2001-08-30,2001,North Vancouver,British Columbia,Canada,D,Vancouver Goldeneyes,1,41500.0,28.0,20.0,0.0,32.0,11.0,11.0,3.0,3.0,0.0,1.0,0.0,0.0,0.0,12.4641666666666,83.0944444444444,7.79010416666666,0.0,1.6,0.55,0.55,0.15,0.15,0.0,0.0,,,,,,,,
Michelle Karvinen,Karvinen,Michelle,1990-03-27,1990,Rødovre,(unknown),Denmark,F,Vancouver Goldeneyes,0,52000.0,33.0,30.0,3.0,43.0,18.0,10.0,6.0,9.0,16.0,1.0,0.0,10.0,30.0,14.0255555555555,46.7518518518518,9.78527131782945,0.1,1.43333333333333,0.6,0.333333333333333,0.2,0.3,0.533333333333333,6.97674418604651,,,,,,,,
Emerance Maschmeyer,Maschmeyer,Emerance,1994-10-05,1994,Bruderheim,Alberta,Canada,G,Vancouver Goldeneyes,0,90000.0,38.0,19.0,,,,,,,,,,,,,,,,,,,,,,,501.0,46.0,1.0,7.0,26.3684210526315,2.42105263157894,91.5904936014625,36.8421052631579
Mannon McMahon,McMahon,Mannon,2001-07-29,2001,Maple Grove,Minnesota,United States,F,Vancouver Goldeneyes,0,40000.0,19.0,30.0,4.0,37.0,42.0,13.0,2.0,6.0,16.0,2.0,0.0,207.0,46.8599033816425,14.5538888888888,72.7694444444444,11.8004504504504,0.133333333333333,1.23333333333333,1.4,0.433333333333333,0.0666666666666666,0.2,0.533333333333333,10.8108108108108,,,,,,,,
Anna Meixner,Meixner,Anna,1994-06-16,1994,Zell Am See,(unknown),Austria,F,Vancouver Goldeneyes,0,43000.0,94.0,30.0,3.0,32.0,28.0,11.0,3.0,6.0,6.0,0.0,0.0,3.0,66.6666666666666,12.4072222222222,62.0361111111111,11.6317708333333,0.1,1.06666666666666,0.933333333333333,0.366666666666666,0.1,0.2,0.2,9.375,,,,,,,,
Hannah Miller,Miller,Hannah,1996-02-16,1996,North Vancouver,British Columbia,Canada,F,Vancouver Goldeneyes,0,86000.0,34.0,30.0,7.0,77.0,65.0,23.0,11.0,18.0,12.0,2.0,0.0,397.0,48.6146095717884,20.2016666666666,33.6694444444444,7.87077922077922,0.233333333333333,2.56666666666666,2.16666666666666,0.766666666666666,0.366666666666666,0.6,0.4,9.09090909090909,,,,,,,,
Kimberly Newell,Newell,Kimberly,1995-10-04,1995,Burnaby,British Columbia,Canada,G,Vancouver Goldeneyes,0,37131.5,,,,,,,,,,,,,,,,,,,,,,,,,,,,,,,,
Sarah Nurse,Nurse,Sarah,1995-01-04,1995,Hamilton,Ontario,Canada,F,Vancouver Goldeneyes,0,85000.0,20.0,19.0,9.0,71.0,21.0,17.0,6.0,15.0,10.0,0.0,0.0,397.0,49.3702770780856,21.7859649122807,27.5955555555555,5.8300469483568,0.473684210526315,3.73684210526315,1.10526315789473,0.894736842105263,0.31578947368421,0.789473684210526,0.526315789473684,12.6760563380281,,,,,,,,
Gabby Rosenthal,Rosenthal,Gabby,1999-09-13,1999,Blaine ,Minnesota,United States,F,Vancouver Goldeneyes,0,42000.0,15.0,26.0,1.0,24.0,32.0,26.0,1.0,2.0,12.0,0.0,1.0,311.0,52.733118971061,15.4705128205128,201.116666666666,16.7597222222222,0.0384615384615384,0.923076923076923,1.23076923076923,1.0,0.0384615384615384,0.0769230769230769,0.461538461538461,4.16666666666666,,,,,,,,
Madison Samoskevich,Samoskevich,Madison,2002-11-15,2002,Sandy Hook,Connecticut,United States,F,Vancouver Goldeneyes,1,37131.5,7.0,27.0,1.0,5.0,25.0,5.0,0.0,1.0,6.0,0.0,0.0,11.0,27.2727272727272,6.32283950617284,170.716666666666,34.1433333333333,0.037037037037037,0.185185185185185,0.925925925925925,0.185185185185185,0.0,0.037037037037037,0.222222222222222,20.0,,,,,,,,
Anna Segedi,Segedi,Anna,2000-12-20,2000,Commerce Township ,Michigan,United States,F,Vancouver Goldeneyes,1,45000.0,51.0,27.0,1.0,17.0,16.0,4.0,1.0,2.0,2.0,0.0,0.0,154.0,48.051948051948,8.70987654320987,117.583333333333,13.8333333333333,0.037037037037037,0.629629629629629,0.592592592592592,0.148148148148148,0.037037037037037,0.074074074074074,0.074074074074074,5.88235294117647,,,,,,,,
Anna Shokhina,Shokhina,Anna,1997-06-23,1997,Novosinkovo,(unknown),Russia,F,Vancouver Goldeneyes,1,43500.0,97.0,28.0,2.0,19.0,7.0,4.0,3.0,5.0,8.0,2.0,0.0,11.0,0.0,7.79404761904761,43.6466666666666,11.4859649122807,0.0714285714285714,0.678571428571428,0.25,0.142857142857142,0.107142857142857,0.178571428571428,0.285714285714285,10.5263157894736,,,,,,,,
Claire Thompson,Thompson,Claire,1998-01-28,1998,Toronto,Ontario,Canada,D,Vancouver Goldeneyes,0,82500.0,42.0,28.0,4.0,46.0,10.0,38.0,13.0,17.0,18.0,3.0,1.0,0.0,0.0,23.2119047619047,38.2313725490196,14.1289855072463,0.142857142857142,1.64285714285714,0.357142857142857,1.35714285714285,0.464285714285714,0.607142857142857,0.642857142857142,8.69565217391304,,,,,,,,
Tereza Vanišová,Vanišová,Tereza,1996-01-30,1996,Strakonice,(unknown),Czechia,F,Vancouver Goldeneyes,0,90000.0,13.0,30.0,4.0,57.0,44.0,7.0,11.0,15.0,10.0,1.0,0.0,21.0,33.3333333333333,16.1294444444444,32.2588888888888,8.4891812865497,0.133333333333333,1.9,1.46666666666666,0.233333333333333,0.366666666666666,0.5,0.333333333333333,7.01754385964912,,,,,,,,
